theme,ticker,appearances,abs_median_20d_%,abs_hit_rate_20d,abs_n_20d,xqqq_median_20d_%,xqqq_hit_rate_20d,xqqq_n_20d,xsmh_median_20d_%,xsmh_hit_rate_20d,xsmh_n_20d,abs_median_60d_%,abs_hit_rate_60d,abs_n_60d,xqqq_median_60d_%,xqqq_hit_rate_60d,xqqq_n_60d,xsmh_median_60d_%,xsmh_hit_rate_60d,xsmh_n_60d,abs_median_120d_%,abs_hit_rate_120d,abs_n_120d,xqqq_median_120d_%,xqqq_hit_rate_120d,xqqq_n_120d,xsmh_median_120d_%,xsmh_hit_rate_120d,xsmh_n_120d,abs_median_252d_%,abs_hit_rate_252d,abs_n_252d,xqqq_median_252d_%,xqqq_hit_rate_252d,xqqq_n_252d,xsmh_median_252d_%,xsmh_hit_rate_252d,xsmh_n_252d
advanced_packaging_hbm,ACMR,5,6.38,0.8,5,6.9,0.8,5,5.78,0.6,5,6.57,0.5,4,-1.11,0.5,4,-2.71,0.5,4,7.79,0.5,4,-8.5,0.5,4,-14.27,0.25,4,17.33,1.0,4,-4.73,0.5,4,-3.92,0.25,4
advanced_packaging_hbm,AEHR,5,5.69,0.6,5,7.06,0.6,5,11.55,0.6,5,10.93,0.5,4,3.34,0.5,4,-3.41,0.5,4,-11.59,0.25,4,-22.07,0.0,4,-23.41,0.0,4,-49.77,0.0,4,-72.44,0.0,4,-86.28,0.0,4
advanced_packaging_hbm,AMKR,4,6.08,0.5,4,1.9,0.75,4,-0.41,0.25,4,6.34,1.0,4,-1.48,0.5,4,-6.27,0.0,4,0.82,0.5,4,-9.66,0.25,4,-15.13,0.0,4,-2.35,0.5,4,-24.41,0.25,4,-41.69,0.0,4
advanced_packaging_hbm,CAMT,5,13.43,1.0,5,11.38,1.0,5,4.62,1.0,5,39.24,0.75,4,31.35,0.75,4,24.75,0.75,4,34.59,0.75,4,22.22,0.5,4,15.73,0.75,4,45.49,0.5,4,23.43,0.5,4,9.59,0.5,4
advanced_packaging_hbm,FORM,5,3.94,0.6,5,4.46,0.6,5,3.33,0.6,5,12.17,0.75,4,4.33,0.5,4,-0.62,0.5,4,12.35,0.5,4,1.87,0.5,4,-2.15,0.25,4,20.39,0.5,4,-1.67,0.5,4,-15.52,0.25,4
advanced_packaging_hbm,KLIC,5,0.13,0.6,5,0.65,0.6,5,-0.47,0.4,5,-2.66,0.25,4,-10.54,0.0,4,-14.28,0.0,4,-4.4,0.25,4,-22.14,0.0,4,-24.41,0.0,4,-17.73,0.0,4,-44.47,0.0,4,-57.2,0.0,4
advanced_packaging_hbm,ONTO,5,8.15,0.8,5,8.66,0.6,5,7.54,0.6,5,17.49,0.75,4,9.65,0.75,4,3.74,0.75,4,20.34,0.75,4,9.87,0.5,4,8.52,0.75,4,33.61,0.5,4,11.56,0.5,4,-2.29,0.5,4
all_ai_supply_chain,AAOI,1,-9.95,0.0,1,-5.14,0.0,1,-5.6,0.0,1,33.18,1.0,1,28.3,1.0,1,20.79,1.0,1,-16.59,0.0,1,-35.26,0.0,1,-38.02,0.0,1,679.62,1.0,1,639.7,1.0,1,628.34,1.0,1
all_ai_supply_chain,AMD,1,-11.68,0.0,1,-6.87,0.0,1,-7.32,0.0,1,7.07,1.0,1,2.19,1.0,1,-5.31,0.0,1,47.53,1.0,1,28.85,1.0,1,26.09,1.0,1,65.4,1.0,1,25.48,1.0,1,14.12,1.0,1
all_ai_supply_chain,AVGO,1,7.88,1.0,1,12.69,1.0,1,12.23,1.0,1,14.93,1.0,1,10.05,1.0,1,2.55,1.0,1,32.36,1.0,1,13.69,1.0,1,10.93,1.0,1,83.11,1.0,1,43.19,1.0,1,31.83,1.0,1
all_ai_supply_chain,CAMT,1,-5.01,0.0,1,-0.2,0.0,1,-0.65,0.0,1,17.1,1.0,1,12.22,1.0,1,4.71,1.0,1,17.75,1.0,1,-0.93,0.0,1,-3.69,0.0,1,169.78,1.0,1,129.85,1.0,1,118.49,1.0,1
all_ai_supply_chain,COHR,1,-1.65,0.0,1,3.16,1.0,1,2.71,1.0,1,22.67,1.0,1,17.79,1.0,1,10.28,1.0,1,-12.51,0.0,1,-31.19,0.0,1,-33.95,0.0,1,8.7,1.0,1,-31.22,0.0,1,-42.58,0.0,1
all_ai_supply_chain,ETN,1,-2.96,0.0,1,1.85,1.0,1,1.4,1.0,1,7.88,1.0,1,3.0,1.0,1,-4.5,0.0,1,4.76,1.0,1,-13.91,0.0,1,-16.68,0.0,1,44.71,1.0,1,4.79,1.0,1,-6.57,0.0,1
all_ai_supply_chain,FORM,1,1.5,1.0,1,6.31,1.0,1,5.86,1.0,1,37.07,1.0,1,32.19,1.0,1,24.68,1.0,1,34.52,1.0,1,15.85,1.0,1,13.08,1.0,1,70.86,1.0,1,30.93,1.0,1,19.57,1.0,1
all_ai_supply_chain,LITE,1,-4.0,0.0,1,0.81,1.0,1,0.36,1.0,1,0.52,1.0,1,-4.36,0.0,1,-11.86,0.0,1,-14.94,0.0,1,-33.62,0.0,1,-36.38,0.0,1,-17.34,0.0,1,-57.26,0.0,1,-68.62,0.0,1
all_ai_supply_chain,MOD,1,-2.09,0.0,1,2.72,1.0,1,2.27,1.0,1,18.5,1.0,1,13.61,1.0,1,6.11,1.0,1,-4.22,0.0,1,-22.9,0.0,1,-25.66,0.0,1,151.41,1.0,1,111.48,1.0,1,100.12,1.0,1
all_ai_supply_chain,MRVL,1,-14.33,0.0,1,-9.52,0.0,1,-9.98,0.0,1,5.39,1.0,1,0.51,1.0,1,-6.99,0.0,1,7.49,1.0,1,-11.18,0.0,1,-13.95,0.0,1,23.7,1.0,1,-16.23,0.0,1,-27.59,0.0,1
all_ai_supply_chain,MU,1,-8.11,0.0,1,-3.3,0.0,1,-3.75,0.0,1,5.14,1.0,1,0.26,1.0,1,-7.25,0.0,1,21.22,1.0,1,2.55,1.0,1,-0.22,0.0,1,38.84,1.0,1,-1.09,0.0,1,-12.44,0.0,1
all_ai_supply_chain,NVDA,1,-6.6,0.0,1,-1.79,0.0,1,-2.25,0.0,1,48.49,1.0,1,43.61,1.0,1,36.1,1.0,1,95.35,1.0,1,76.68,1.0,1,73.92,1.0,1,199.21,1.0,1,159.29,1.0,1,147.93,1.0,1
all_ai_supply_chain,ONTO,1,-9.23,0.0,1,-4.42,0.0,1,-4.88,0.0,1,8.91,1.0,1,4.03,1.0,1,-3.47,0.0,1,29.03,1.0,1,10.36,1.0,1,7.59,1.0,1,86.28,1.0,1,46.35,1.0,1,35.0,1.0,1
all_ai_supply_chain,POWL,1,40.52,1.0,1,45.33,1.0,1,44.87,1.0,1,78.13,1.0,1,73.25,1.0,1,65.74,1.0,1,134.83,1.0,1,116.16,1.0,1,113.4,1.0,1,243.73,1.0,1,203.81,1.0,1,192.45,1.0,1
all_ai_supply_chain,STX,1,4.49,1.0,1,9.29,1.0,1,8.84,1.0,1,27.23,1.0,1,22.35,1.0,1,14.84,1.0,1,22.22,1.0,1,3.55,1.0,1,0.79,1.0,1,61.27,1.0,1,21.35,1.0,1,9.99,1.0,1
all_ai_supply_chain,VRT,1,2.5,1.0,1,7.31,1.0,1,6.86,1.0,1,23.11,1.0,1,18.23,1.0,1,10.72,1.0,1,23.03,1.0,1,4.36,1.0,1,1.59,1.0,1,241.97,1.0,1,202.05,1.0,1,190.69,1.0,1
all_ai_supply_chain,WDC,1,-12.38,0.0,1,-7.57,0.0,1,-8.02,0.0,1,6.8,1.0,1,1.92,1.0,1,-5.58,0.0,1,3.33,1.0,1,-15.34,0.0,1,-18.11,0.0,1,34.3,1.0,1,-5.62,0.0,1,-16.98,0.0,1
copper_interconnect,ALAB,2,4.75,1.0,1,9.29,1.0,1,4.44,1.0,1,-46.73,0.0,1,-35.25,0.0,1,-36.46,0.0,1,-24.69,0.0,1,-25.14,0.0,1,-29.71,0.0,1,18.2,1.0,1,2.14,1.0,1,-25.64,0.0,1
copper_interconnect,APH,2,-0.51,0.5,2,2.02,1.0,2,-0.98,0.5,2,4.96,0.5,2,6.0,0.5,2,-0.29,0.5,2,19.28,1.0,2,16.53,1.0,2,16.3,1.0,2,50.06,1.0,2,36.48,1.0,2,25.79,1.0,2
copper_interconnect,AVGO,2,15.5,1.0,2,18.04,1.0,2,15.04,1.0,2,13.14,1.0,2,14.18,1.0,2,7.89,1.0,2,24.46,1.0,2,21.71,1.0,2,21.49,1.0,2,72.45,1.0,2,58.87,1.0,2,48.18,1.0,2
copper_interconnect,CRDO,2,0.87,0.5,2,3.39,1.0,2,0.41,0.5,2,8.76,0.5,2,9.79,0.5,2,3.51,0.5,2,14.92,1.0,2,12.17,1.0,2,11.94,0.5,2,123.17,1.0,2,109.59,1.0,2,98.91,1.0,2
copper_interconnect,MRVL,2,2.84,1.0,2,5.37,1.0,2,2.39,1.0,2,-14.21,0.5,2,-13.18,0.5,2,-19.46,0.0,2,-17.28,0.5,2,-20.03,0.0,2,-20.26,0.5,2,-9.27,0.5,2,-22.85,0.0,2,-33.54,0.5,2
copper_interconnect,MXL,2,15.96,1.0,2,18.48,1.0,2,15.49,1.0,2,-15.51,0.5,2,-14.47,0.0,2,-20.76,0.0,2,-28.65,0.0,2,-31.4,0.0,2,-31.63,0.0,2,-17.41,0.0,2,-31.0,0.0,2,-41.68,0.0,2
copper_interconnect,TEL,2,-0.99,0.5,2,1.54,0.5,2,-1.45,0.5,2,1.71,0.5,2,2.75,0.5,2,-3.54,0.5,2,8.36,1.0,2,5.61,0.5,2,5.38,1.0,2,30.11,1.0,2,16.52,0.5,2,5.84,1.0,2
optical_networking,AAOI,6,19.42,0.5,6,16.98,0.5,6,13.2,0.5,6,-17.12,0.4,5,-23.48,0.4,5,-25.33,0.4,5,34.88,0.8,5,15.19,0.6,5,1.59,0.6,5,25.99,0.5,4,12.41,0.5,4,1.72,0.5,4
optical_networking,ALAB,1,41.8,1.0,1,35.79,1.0,1,25.1,1.0,1,,,0,,,0,,,0,,,0,,,0,,,0,,,0,,,0,,,0
optical_networking,AVGO,4,14.21,0.75,4,10.03,0.75,4,7.71,1.0,4,17.15,1.0,4,14.18,1.0,4,8.07,1.0,4,38.68,1.0,4,28.31,1.0,4,17.22,1.0,4,92.97,1.0,4,67.83,1.0,4,37.49,1.0,4
optical_networking,COHR,6,8.23,0.5,6,7.44,0.5,6,1.04,0.5,6,11.85,0.6,5,2.53,0.6,5,-3.21,0.2,5,20.49,0.8,5,15.45,0.6,5,19.56,0.6,5,77.85,1.0,4,50.68,1.0,4,18.56,0.75,4
optical_networking,CRDO,3,1.84,0.667,3,4.43,1.0,3,1.23,0.667,3,8.76,0.5,2,9.79,0.5,2,3.51,0.5,2,14.92,1.0,2,12.17,1.0,2,11.94,0.5,2,123.17,1.0,2,109.59,1.0,2,98.91,1.0,2
optical_networking,FN,6,8.24,0.5,6,6.23,0.5,6,5.24,0.667,6,18.75,0.8,5,9.42,1.0,5,3.37,0.8,5,31.48,0.8,5,11.79,0.6,5,4.02,0.6,5,80.89,1.0,4,56.36,0.75,4,25.41,1.0,4
optical_networking,LITE,6,6.97,0.5,6,4.79,0.667,6,0.91,0.5,6,2.99,0.6,5,-6.43,0.2,5,-17.79,0.2,5,-3.35,0.4,5,-7.36,0.4,5,-11.93,0.4,5,33.22,0.75,4,11.15,0.5,4,-2.69,0.5,4
optical_networking,MRVL,4,2.84,0.75,4,5.37,0.75,4,2.39,0.75,4,0.82,0.5,4,-7.07,0.5,4,-13.68,0.25,4,9.62,0.75,4,-2.75,0.25,4,-10.43,0.25,4,13.38,0.75,4,-8.68,0.25,4,-34.02,0.25,4
optical_networking,MTSI,6,6.37,0.667,6,5.5,0.833,6,2.89,0.667,6,17.62,0.8,5,8.21,0.6,5,-3.15,0.4,5,10.65,0.8,5,3.49,0.6,5,7.6,0.6,5,32.59,1.0,4,10.79,1.0,4,-14.54,0.25,4
optical_networking,MXL,2,13.33,0.5,2,7.63,0.5,2,-0.95,0.5,2,9.94,1.0,1,5.42,1.0,1,-3.25,0.0,1,6.53,1.0,1,7.61,1.0,1,-15.46,0.0,1,,,0,,,0,,,0
optical_networking,SMTC,6,9.21,0.833,6,4.33,1.0,6,0.32,0.833,6,18.18,0.6,5,8.87,0.6,5,3.12,0.6,5,-20.64,0.4,5,-35.96,0.4,5,-40.53,0.2,5,61.22,1.0,4,30.46,0.75,4,-11.04,0.5,4
optical_networking,VIAV,6,1.68,0.5,6,-0.51,0.5,6,-4.68,0.333,6,2.57,0.6,5,-4.66,0.4,5,-10.41,0.4,5,-9.32,0.2,5,-24.21,0.2,5,-20.1,0.2,5,-2.56,0.5,4,-24.62,0.5,4,-38.47,0.5,4
power_cooling,ECL,5,-0.12,0.4,5,-2.25,0.0,5,-5.74,0.2,5,5.09,1.0,4,-2.5,0.0,4,-6.2,0.0,4,10.43,1.0,4,-2.17,0.5,4,-6.75,0.25,4,26.24,1.0,4,2.29,0.75,4,-10.44,0.5,4
power_cooling,ETN,5,5.86,0.6,5,4.58,0.6,5,1.09,0.6,5,7.47,0.75,4,-0.42,0.5,4,-7.02,0.25,4,18.8,0.75,4,2.53,0.5,4,-0.12,0.5,4,20.21,0.75,4,-1.84,0.5,4,-5.15,0.25,4
power_cooling,MOD,5,2.02,0.6,5,2.54,0.6,5,4.27,0.8,5,9.08,1.0,4,3.02,0.75,4,1.43,0.75,4,49.19,1.0,4,32.9,1.0,4,27.14,1.0,4,83.56,0.5,4,61.51,0.5,4,47.66,0.5,4
power_cooling,NVT,5,4.56,0.8,5,5.08,0.8,5,3.95,0.8,5,9.34,0.75,4,1.46,0.5,4,-5.15,0.25,4,7.63,0.5,4,-6.06,0.5,4,-12.54,0.25,4,7.12,0.5,4,-14.94,0.25,4,-23.02,0.25,4
power_cooling,POWL,5,-1.64,0.4,5,-8.51,0.2,5,-12.0,0.4,5,6.62,0.75,4,-1.27,0.25,4,-7.87,0.25,4,65.82,0.75,4,51.43,0.75,4,42.7,0.75,4,80.97,0.75,4,58.91,0.75,4,45.07,0.75,4
power_cooling,PWR,5,2.48,0.8,5,0.34,0.6,5,-3.89,0.2,5,6.32,0.5,4,-1.26,0.5,4,-7.62,0.25,4,6.46,1.0,4,-4.02,0.25,4,-5.36,0.5,4,29.21,1.0,4,5.84,0.75,4,-4.83,0.5,4
power_cooling,VRT,5,11.09,0.8,5,11.61,0.8,5,9.73,0.8,5,22.06,0.75,4,14.18,0.75,4,7.57,0.75,4,55.43,1.0,4,39.15,0.75,4,33.38,0.75,4,72.59,1.0,4,50.55,0.75,4,36.7,1.0,4
storage_memory,MU,1,-1.11,0.0,1,-10.01,0.0,1,-13.49,0.0,1,-2.92,0.0,1,-12.23,0.0,1,-17.98,0.0,1,17.32,1.0,1,1.41,1.0,1,-5.39,0.0,1,97.32,1.0,1,59.03,1.0,1,10.12,1.0,1
storage_memory,STX,1,-2.22,0.0,1,-11.12,0.0,1,-14.61,0.0,1,6.17,1.0,1,-3.14,0.0,1,-8.89,0.0,1,22.24,1.0,1,6.32,1.0,1,-0.48,0.0,1,56.89,1.0,1,18.59,1.0,1,-30.31,0.0,1
storage_memory,WDC,1,0.16,1.0,1,-8.74,0.0,1,-12.23,0.0,1,6.88,1.0,1,-2.43,0.0,1,-8.18,0.0,1,21.35,1.0,1,5.43,1.0,1,-1.37,0.0,1,97.91,1.0,1,59.62,1.0,1,10.71,1.0,1
