date_or_window,status,ticker_or_theme,catalyst,why_it_matters,entry_decision_rule,exit_or_reduce_rule,source
2026-05-26 after close,confirmed,SMTC,Q1 FY2027 results and call,"First near-term validation for 1.6T/3.2T data-center networking thesis","Do not chase before event; enter only if Q1 beats $283M guide or guide is raised and stock holds post-earnings VWAP for 1-3 sessions","Reduce/avoid if guide is merely inline after huge run or data-center/Signal Integrity commentary weakens","https://www.semtech.com/company/press/semtech-announces-first-quarter-of-fiscal-year-2027-conference-call"
2026-05-26 after close / 2026-05-27 call,confirmed,MOD,Q4/FY2026 results and FY2027 commentary,"First near-term validation for data-center thermal growth and working-capital risk","Prefer post-call entry; buy pullback if FY2027 data-center outlook remains strong and FCF/working capital not worse","Exit/reduce if data-center growth slows materially or FCF/work-capital deteriorates further","https://investors.modine.com/news/news-details/2026/Modine-to-Host-Fourth-Quarter-Fiscal-2026-Earnings-Conference-Call-on-May-27-2026/default.aspx"
2026-06-01 to 2026-06-14,planning window,Optical/networking,Post-SMTC readthrough window,"Determine if 1.6T component trade broadens into MTSI/MXL/VECO/FN or was single-stock chase","If SMTC confirms and peers hold above 20DMA, add only on pullbacks; no momentum chase after >15% gap","If SMTC sells off despite good numbers, wait for 5-10 trading day base before adding peers","Internal backtest + SMTC source"
2026-06-01 to 2026-06-21,planning window,Power/cooling,Post-MOD readthrough window,"Determine if thermal/power basket remains high-confidence after data-center growth update","If MOD confirms FY2027 outlook and POWL/HPS remain above 50DMA, build 1/3 positions on pullback","If MOD disappoints, pause new power/cooling buys until POWL Q3/HPS Q2","Internal backtest + MOD source"
2026-07 to 2026-08,estimated,MTSI,Fiscal Q3 FY2026 results window,"MACOM Q3 guide is $331M-$339M with higher margin; confirms high-end analog/optical ramp","Add only if Q3 beats guide or Q4 guide implies sequential growth; better entry is 20DMA/50DMA pullback before event","Reduce if Q3 misses $331M low end or gross margin guide falls below 59%","https://ir.macom.com/news-releases/news-release-details/macom-reports-fiscal-second-quarter-2026-financial-results"
2026-07 to 2026-08,estimated,VECO,Q2 FY2026 results window,"Tests whether InP laser equipment and H2 revenue ramp are converting","Add if Q2 exceeds $190M or FY2026 guide $740M-$800M is raised; otherwise prefer 50DMA pullback","Reduce if Q2 below $170M or management softens H2/InP order conversion","https://www.globenewswire.com/news-release/2026/05/05/3288214/0/en/veeco-reports-first-quarter-2026-financial-results.html"
2026-07 to 2026-08,estimated,POWL,Fiscal Q3 FY2026 results window,"Tests whether $400M+ post-quarter data-center order expands backlog and margins hold","Add if backlog rises materially and gross margin holds near high-20s; buy pullback around 50DMA before/after event","Reduce if backlog/book-to-bill weakens or gross margin falls below 27%","https://powellindustriesinc.gcs-web.com/news-releases/news-release-details/powell-industries-announces-second-quarter-fiscal-2026-results"
2026-07 to 2026-08,estimated,FORM/AEHR,Advanced packaging/test earnings window,"Checks whether AP/HBM test basket deserves capital after weaker long-horizon backtest","Only buy after company-specific HBM/probe/burn-in orders; avoid broad basket chase","Reduce if AI orders are one-off or margins/guide do not improve","Internal backtest + company filings"
2026-08 to 2026-09,estimated,NVDA/AVGO/hyperscaler readthrough,AI architecture and capex confirmation,"Macro confirmation for Rubin/Blackwell networking, custom ASIC, Ethernet, and AI-factory power","If capex/guides remain strong, rotate from fully priced winners into second-order suppliers with fresh order proof","If capex/guides disappoint, cut high-multiple names first","NVIDIA/Broadcom future filings"
