event_id,ticker,theme,category,source_quality,source_type,model_action,decision_route,matched_terms,snippet,source_title,source_url,fetched_at_utc
93bd684e6a41d651,SMTC,optical,order_backlog,A,ir_notice,eligible_for_event_ledger_review,event_ledger_review_after_no_trade_check,order(?:s|ed|ing)?,Semtech Announces First Quarter of Fiscal Year 2027 Conference Call | Semtech Skip to main content Cross Reference Parametric Shop Investors my S emtech EN EN CN (中文) JP (日本語) FR L o R a ® L o R a ® Overview L o R a Overview LoRa is the de facto wireless platform of Internet of Things (IoT). Semtech's LoRa chipsets connect sensors to the Cloud and enable rea,Semtech Announces First Quarter of Fiscal Year 2027 Conference Call | Semtech,https://www.semtech.com/company/press/semtech-announces-first-quarter-of-fiscal-year-2027-conference-call,2026-05-25T05:37:20+00:00
6094b1d4ffe85c05,SMTC,optical,guidance_outlook,A,ir_notice,eligible_for_event_ledger_review,event_ledger_review_after_no_trade_check,outlook,"1:30 p.m. PT (4:30 p.m. ET) on Tuesday, May 26, 2026, to discuss its first quarter of fiscal year 2027 performance and events, current business activities and conditions, and the outlook for the business. Participants can dial in to the call at 877-407-0312 (toll-free) or 201-389-0899 (toll/international) with conference ID 13760245. The event will also be webcast",Semtech Announces First Quarter of Fiscal Year 2027 Conference Call | Semtech,https://www.semtech.com/company/press/semtech-announces-first-quarter-of-fiscal-year-2027-conference-call,2026-05-25T05:37:20+00:00
06d46015e1642439,SMTC,optical,ai_datacenter,A,ir_notice,update_pre_confirmation_or_watch,pre_confirmation_signal_log,AI|data center,Semtech Announces First Quarter of Fiscal Year 2027 Conference Call | Semtech Skip to main content Cross Reference Parametric Shop Investors my S emtech EN EN CN (中文) JP (日本語) FR L o R a ® L o R a ® Overview L o R a Overview LoRa is the de facto wireless platform of In,Semtech Announces First Quarter of Fiscal Year 2027 Conference Call | Semtech,https://www.semtech.com/company/press/semtech-announces-first-quarter-of-fiscal-year-2027-conference-call,2026-05-25T05:37:20+00:00
139af7c1bbe47231,MOD,power_cooling,capacity_supply,A,ir_notice,update_pre_confirmation_or_watch,pre_confirmation_signal_log,manufacturing,"Modine Manufacturing Company - Modine to Host Fourth Quarter Fiscal 2026 Earnings Conference Call on May 27, 2026 Skip to main content Skip to main content Overview News Events & Presentations Stock I","Modine Manufacturing Company - Modine to Host Fourth Quarter Fiscal 2026 Earnings Conference Call on May 27, 2026",https://investors.modine.com/news/news-details/2026/Modine-to-Host-Fourth-Quarter-Fiscal-2026-Earnings-Conference-Call-on-May-27-2026/default.aspx,2026-05-25T05:37:21+00:00
535744338d333181,MOD,power_cooling,order_backlog,A,ir_release,eligible_for_event_ledger_review,event_ledger_review_after_no_trade_check,order(?:s|ed|ing)?|backlog,Modine Manufacturing Company - Modine Reports Third Quarter Fiscal 2026 Results Skip to main content Skip to main content Overview News Events & Presentations Stock Info Financials Quarterly Results Annual Reports SEC Filings Governance Governance Documents Executive Management Board of Directors Committee Composition Resources Investor FAQs Information Requ,Modine Manufacturing Company - Modine Reports Third Quarter Fiscal 2026 Results,https://investors.modine.com/news/news-details/2026/Modine-Reports-Third-Quarter-Fiscal-2026-Results/default.aspx,2026-05-25T05:37:22+00:00
b27574c2554317e3,MOD,power_cooling,guidance_outlook,A,ir_release,eligible_for_event_ledger_review,event_ledger_review_after_no_trade_check,outlook|guid(?:e|ance|ed)|rais(?:e|ed|ing)|expects?,"l 2026 Results February 4, 2026 Ongoing execution of planned production ramp for Data Center products drives top-line growth of 51% in Climate Solutions segment; raising full-year outlook for revenue and earnings RACINE, Wis. , Feb. 4, 2026 /PRNewswire/ -- Modine (NYSE: MOD), a diversified global leader in thermal management technology and solutions, today reported",Modine Manufacturing Company - Modine Reports Third Quarter Fiscal 2026 Results,https://investors.modine.com/news/news-details/2026/Modine-Reports-Third-Quarter-Fiscal-2026-Results/default.aspx,2026-05-25T05:37:22+00:00
4b4abe15e08e0369,MOD,power_cooling,margin_cash,A,ir_release,eligible_for_event_ledger_review,event_ledger_review_after_no_trade_check,gross margin|free cash flow|cash,"increased 1 percent from the prior year, as lower volumes were offset by favorable pricing and foreign exchange impact. Gross profit increased $36.5 million to $186.1 million and gross margin decreased by 120 basis points to 23.1 percent. The decrease in gross margin was primarily driven by lower gross margin in the Climate Solutions segment, which resulted primarily f",Modine Manufacturing Company - Modine Reports Third Quarter Fiscal 2026 Results,https://investors.modine.com/news/news-details/2026/Modine-Reports-Third-Quarter-Fiscal-2026-Results/default.aspx,2026-05-25T05:37:22+00:00
b3c3fae796cd908d,MOD,power_cooling,capacity_supply,A,ir_release,update_pre_confirmation_or_watch,pre_confirmation_signal_log,capacity|production ramp|manufacturing,"g performance, with 21 percent organic sales growth driven by a 78 percent increase in data center sales,"" said Modine President and Chief Executive Officer, Neil D. Brinker. ""The capacity expansion for data center products remains on schedule, with new production lines contributing to a 31 percent sequential increase in sales compared to the second fiscal quarter.",Modine Manufacturing Company - Modine Reports Third Quarter Fiscal 2026 Results,https://investors.modine.com/news/news-details/2026/Modine-Reports-Third-Quarter-Fiscal-2026-Results/default.aspx,2026-05-25T05:37:22+00:00
12d6931ca980a69f,MOD,power_cooling,financing_balance_sheet,A,ir_release,update_pre_confirmation_or_watch,pre_confirmation_signal_log,financing|balance sheet|debt,"ent (101.2) (56.3) Payments for business acquisitions, net of cash acquired (182.4) (3.4) Other – net 3.5 0.6 Net cash used for investing activities (280.1) (59.1) Cash flows from financing activities: Net increase (decrease) in debt 258.3 (60.6) Purchases of treasury stock (6.8) (12.3) Other – net 0.1 0.5 Net cash provided by (used for) financing activities 251.6 (7",Modine Manufacturing Company - Modine Reports Third Quarter Fiscal 2026 Results,https://investors.modine.com/news/news-details/2026/Modine-Reports-Third-Quarter-Fiscal-2026-Results/default.aspx,2026-05-25T05:37:22+00:00
c332a7a7b6965048,MOD,power_cooling,ai_datacenter,A,ir_release,update_pre_confirmation_or_watch,pre_confirmation_signal_log,data center,"vestor Email Alerts Investor Contacts News Details View All News Modine Reports Third Quarter Fiscal 2026 Results February 4, 2026 Ongoing execution of planned production ramp for Data Center products drives top-line growth of 51% in Climate Solutions segment; raising full-year outlook for revenue and earnings RACINE, Wis. , Feb. 4, 2026 /PRNewswire/ -- Modine (NYSE: M",Modine Manufacturing Company - Modine Reports Third Quarter Fiscal 2026 Results,https://investors.modine.com/news/news-details/2026/Modine-Reports-Third-Quarter-Fiscal-2026-Results/default.aspx,2026-05-25T05:37:22+00:00
0cd3abba779fe036,FORM,AP_HBM,capacity_supply,B,product_page,update_pre_confirmation_or_watch,pre_confirmation_signal_log,manufacturing,r Inc. Skip to content Products Applications Industries Sales & Service Company Overview Probe Systems Probes Probe Cards Quantum Cryogenics Overview Semiconductor R&D High Volume Manufacturing Partner Solutions Publications & Resources Overview Industries Overview Overview Contact Us Product Support Additional Programs Test/Measurement Services Company Information Caree,Altius Probe Cards - Large I/O Logic Device Testing | FormFactor Inc.,https://www.formfactor.com/product/probe-cards/foundry-logic/altius/,2026-05-25T05:38:02+00:00
bd4ab9a19696831d,FORM,AP_HBM,financing_balance_sheet,B,product_page,update_pre_confirmation_or_watch,pre_confirmation_signal_log,financing,est FormFactor RMA Cascade RMA Probe Systems Support Analytical Probe Support Analytical Probe Repair Pyramid Probe Card Support WinCal Support Documentation & Downloads Equipment Financing Educational Savings Logistics Service Cryogenic Test Company Profile Our History Leadership Board of Directors Corporate Citizenship Diversity and Inclusion Working @ FormFactor U,Altius Probe Cards - Large I/O Logic Device Testing | FormFactor Inc.,https://www.formfactor.com/product/probe-cards/foundry-logic/altius/,2026-05-25T05:38:02+00:00
5c01032460ef28b6,FORM,AP_HBM,ai_datacenter,B,product_page,update_pre_confirmation_or_watch,pre_confirmation_signal_log,AI|HBM,-Pull Silicon Photonics VCSELs and MicroLEDs Quantum Computing Cryogenic Devices View All R&D Applications Foundry and Logic DRAM and Flash Memory Advanced Packaging RF/mmW and 5G AI Processors Optical Wafer Test Parametric Test Cryogenic Devices View All HVM Applications MeasureOne MeasureOne Program Overview 1/f Device Characterization Circuit Characterizati,Altius Probe Cards - Large I/O Logic Device Testing | FormFactor Inc.,https://www.formfactor.com/product/probe-cards/foundry-logic/altius/,2026-05-25T05:38:02+00:00
48c8679229e65e27,VECO,optical_equipment,order_backlog,A,ir_release,eligible_for_event_ledger_review,event_ledger_review_after_no_trade_check,order(?:s|ed|ing)?,Veeco Instruments Inc. - Veeco Announces $250 Million+ in Equipment Orders for Manufacturing Indium Phosphide Lasers Skip to main content Skip to main content Markets Technologies and Products Service & Support Company News Details Investors IR Homepage Company Profile FAQs Email Alerts RSS Feeds Information Request News & Events Press Releases Events Stock,Veeco Instruments Inc. - Veeco Announces $250 Million+ in Equipment Orders for Manufacturing Indium Phosphide Lasers,https://ir.veeco.com/news-and-events/news-details/2026/Veeco-Announces-250-Million-in-Equipment-Orders-for-Manufacturing-Indium-Phosphide-Lasers/default.aspx,2026-05-25T05:38:02+00:00
24e79c6b31a485de,VECO,optical_equipment,capacity_supply,A,ir_release,update_pre_confirmation_or_watch,pre_confirmation_signal_log,capacity|expand(?:s|ed|ing)?|manufacturing,"ificantly as demand for 800G and 1.6T transceivers accelerates. Recent industry commentary has highlighted InP laser manufacturing as a key bottleneck, driven by limited qualified capacity and complex process integration. Veeco’s broad portfolio of compound semiconductor process technologies positions the company to support customers as they expand high-volume manuf",Veeco Instruments Inc. - Veeco Announces $250 Million+ in Equipment Orders for Manufacturing Indium Phosphide Lasers,https://ir.veeco.com/news-and-events/news-details/2026/Veeco-Announces-250-Million-in-Equipment-Orders-for-Manufacturing-Indium-Phosphide-Lasers/default.aspx,2026-05-25T05:38:02+00:00
19fe79c12342e0fb,VECO,optical_equipment,financing_balance_sheet,A,ir_release,update_pre_confirmation_or_watch,pre_confirmation_signal_log,investment,stors IR Homepage Company Profile FAQs Email Alerts RSS Feeds Information Request News & Events Press Releases Events Stock Information Stock Quote & Chart Historical Price Lookup Investment Calculator Financial Information SEC Filings Proxy Materials Quarterly Financial Results Presentations Analyst Coverage Corporate Governance / ESG Corporate Governance Overview Bo,Veeco Instruments Inc. - Veeco Announces $250 Million+ in Equipment Orders for Manufacturing Indium Phosphide Lasers,https://ir.veeco.com/news-and-events/news-details/2026/Veeco-Announces-250-Million-in-Equipment-Orders-for-Manufacturing-Indium-Phosphide-Lasers/default.aspx,2026-05-25T05:38:02+00:00
b338e6792817014f,VECO,optical_equipment,ai_datacenter,A,ir_release,update_pre_confirmation_or_watch,pre_confirmation_signal_log,AI|hyperscale|800G|1.6T|InP|indium phosphide,Veeco Instruments Inc. - Veeco Announces $250 Million+ in Equipment Orders for Manufacturing Indium Phosphide Lasers Skip to main content Skip to main content Markets Technologies and Products Service & Support Company News Details Investors IR Homepage Company Profile FAQs Email Alerts RSS Feeds Informatio,Veeco Instruments Inc. - Veeco Announces $250 Million+ in Equipment Orders for Manufacturing Indium Phosphide Lasers,https://ir.veeco.com/news-and-events/news-details/2026/Veeco-Announces-250-Million-in-Equipment-Orders-for-Manufacturing-Indium-Phosphide-Lasers/default.aspx,2026-05-25T05:38:02+00:00
7a28c159f34aa71d,POET,optical,order_backlog,A,ir_release,eligible_for_event_ledger_review,event_ledger_review_after_no_trade_check,order(?:s|ed|ing)?|purchase order,"POET Technologies Reports First Quarter 2026 Financial Results | POET Technologies NASDAQ POET Our Products About Us Technology Investors News & Media Videos Careers Contact Us All Posts May 14, 2026 x min read POET Technologies Reports First Quarter 2026 Financial Results Print / Save as PDF ‍ TORONTO, Ontario, May 14, 2026 – POET Technologies Inc. (“ POET",POET Technologies Reports First Quarter 2026 Financial Results | POET Technologies,https://www.poet-technologies.com/news/poet-technologies-reports-first-quarter-2026-financial-results,2026-05-25T05:38:03+00:00
8b66f68682cd7f90,POET,optical,guidance_outlook,A,ir_release,eligible_for_event_ledger_review,event_ledger_review_after_no_trade_check,outlook|rais(?:e|ed|ing)|expects?,"Act of 1995). Such statements or information are identified with words such as “anticipate”, “believe”, “expect”, “plan”, “intend”, “potential”, “estimate”, “propose”, “project”, “outlook”, “foresee” or similar words suggesting future outcomes or statements regarding any potential outcome. Such statements include the Company’s expectations with respect to its move",POET Technologies Reports First Quarter 2026 Financial Results | POET Technologies,https://www.poet-technologies.com/news/poet-technologies-reports-first-quarter-2026-financial-results,2026-05-25T05:38:03+00:00
b809e408666763ee,POET,optical,margin_cash,A,ir_release,eligible_for_event_ledger_review,event_ledger_review_after_no_trade_check,cash,od basis as the Company transitions from technology development to product development. The largest component of the Company’s income in the first quarter of 2025 was from the non-cash gain in fair value adjustment to derivative warrant liability of $15.4 million. The derivative liability adjustment in the first quarter of 2026 was a gain of $1.6 million. The Co,POET Technologies Reports First Quarter 2026 Financial Results | POET Technologies,https://www.poet-technologies.com/news/poet-technologies-reports-first-quarter-2026-financial-results,2026-05-25T05:38:03+00:00
11ea2fc9445aa7f1,POET,optical,capacity_supply,A,ir_release,update_pre_confirmation_or_watch,pre_confirmation_signal_log,capacity|expand(?:s|ed|ing)?|manufacturing,"r similar words suggesting future outcomes or statements regarding any potential outcome. Such statements include the Company’s expectations with respect to its move of production capacity from China to Malaysia, the ability of its partners to install and operate production equipment, the reaction of customers and partners to the Company’s product offerings, the suc",POET Technologies Reports First Quarter 2026 Financial Results | POET Technologies,https://www.poet-technologies.com/news/poet-technologies-reports-first-quarter-2026-financial-results,2026-05-25T05:38:03+00:00
e25734f3f65fe9ec,POET,optical,financing_balance_sheet,A,ir_release,update_pre_confirmation_or_watch,pre_confirmation_signal_log,offering|financing|warrant,"mation should be read in conjunction with the Company’s financial statements filed on Sedar+ on May 14, 2026. About POET Technologies Inc. POET is a design and development company offering high-speed optical modules, optical engines and light source products to the artificial intelligence systems market and to hyperscale data centers. POET’s photonic integration sol",POET Technologies Reports First Quarter 2026 Financial Results | POET Technologies,https://www.poet-technologies.com/news/poet-technologies-reports-first-quarter-2026-financial-results,2026-05-25T05:38:03+00:00
3a28c6a2199aef1d,POET,optical,ai_datacenter,A,ir_release,update_pre_confirmation_or_watch,pre_confirmation_signal_log,AI|data center|hyperscale|800G|1.6T,"– POET Technologies Inc. (“ POET ” or the “ Company ”) (NASDAQ: POET), the designer and developer of Photonic Integrated Circuits (PICs), light sources and optical modules for the AI and data center markets, today reported its unaudited condensed consolidated financial results for the first quarter ended March 31, 2026. The Company’s financial results as well",POET Technologies Reports First Quarter 2026 Financial Results | POET Technologies,https://www.poet-technologies.com/news/poet-technologies-reports-first-quarter-2026-financial-results,2026-05-25T05:38:03+00:00
98389db92f52c45d,POET,optical,order_backlog,A,ir_release,eligible_for_event_ledger_review,event_ledger_review_after_no_trade_check,order(?:s|ed|ing)?,"POET Technologies Announces Closing of US$400 Million Investment | POET Technologies NASDAQ POET Our Products About Us Technology Investors News & Media Videos Careers Contact Us All Posts May 18, 2026 x min read POET Technologies Announces Closing of US$400 Million Investment Print / Save as PDF ‍ Secures financing to scale manufacturing and accelerate prod",POET Technologies Announces Closing of US$400 Million Investment | POET Technologies,https://www.poet-technologies.com/news/poet-technologies-announces-closing-of-us400-million-investment,2026-05-25T05:38:03+00:00
726198c6a41fe21d,POET,optical,guidance_outlook,A,ir_release,eligible_for_event_ledger_review,event_ledger_review_after_no_trade_check,outlook|rais(?:e|ed|ing)|expects?,"Act of 1995). Such statements or information are identified with words such as ""anticipate"", ""believe"", ""expect"", ""plan"", ""intend"", ""potential"", ""estimate"", ""propose"", ""project"", ""outlook"", ""foresee"" or similar words suggesting future outcomes or statements regarding any potential outcome. Such statements include, without limitation, the Company's expectations with",POET Technologies Announces Closing of US$400 Million Investment | POET Technologies,https://www.poet-technologies.com/news/poet-technologies-announces-closing-of-us400-million-investment,2026-05-25T05:38:03+00:00
e6aecf3f57791b41,POET,optical,capacity_supply,A,ir_release,update_pre_confirmation_or_watch,pre_confirmation_signal_log,capacity|expand(?:s|ed|ing)?|manufacturing|qualification,"he selling price of the offered securities. The Corporation intends to use the net proceeds from this investment to accelerate its strategic roadmap across three key dimensions of capacity, capability and credibility. This includes the expansion of its manufacturing infrastructure, support for corporate development activities, including targeted acquisitions, scalin",POET Technologies Announces Closing of US$400 Million Investment | POET Technologies,https://www.poet-technologies.com/news/poet-technologies-announces-closing-of-us400-million-investment,2026-05-25T05:38:03+00:00
3de0a0bb49fb7017,POET,optical,financing_balance_sheet,A,ir_release,update_pre_confirmation_or_watch,pre_confirmation_signal_log,offering|investment|financing|warrant|balance sheet,"f Photonic Integrated Circuits (PICs), light sources and optical modules for the AI and data center markets, today announced it had closed its recently announced registered direct offering by issuing19,047,620 common shares (the “ Common Shares ”) and a warrant exercisable for 19,047,620 Common Shares (the “ Warrant ” and together with the Common Shares, the “ Offer",POET Technologies Announces Closing of US$400 Million Investment | POET Technologies,https://www.poet-technologies.com/news/poet-technologies-announces-closing-of-us400-million-investment,2026-05-25T05:38:03+00:00
a9f94fc532d6941f,POET,optical,ai_datacenter,A,ir_release,update_pre_confirmation_or_watch,pre_confirmation_signal_log,AI|data center|hyperscale|800G|1.6T,"osing of US$400 Million Investment Print / Save as PDF ‍ Secures financing to scale manufacturing and accelerate product leadership in photonic interconnect solutions for frontier AI Toronto, Ontario (May 18, 2026) — POET Technologies Inc. (NASDAQ: POET) (the “ Corporation ”), the designer and developer of Photonic Integrated Circuits (PICs), light sources and",POET Technologies Announces Closing of US$400 Million Investment | POET Technologies,https://www.poet-technologies.com/news/poet-technologies-announces-closing-of-us400-million-investment,2026-05-25T05:38:03+00:00
8c44a1bdd437bb72,POET,optical,order_backlog,B,ir_release,update_pre_confirmation_or_watch,pre_confirmation_signal_log,order(?:s|ed|ing)?|purchase order,"POET Technologies and Lumilens Advance Wafer-Level Photonic Integration for Next-Generation AI Optical Networks | POET Technologies NASDAQ POET Our Products About Us Technology Investors News & Media Videos Careers Contact Us All Posts May 15, 2026 x min read POET Technologies and Lumilens Advance Wafer-Level Photonic Integration for Next-Generation AI Optic",POET Technologies and Lumilens Advance Wafer-Level Photonic Integration for Next-Generation AI Optical Networks | POET Technologies,https://www.poet-technologies.com/news/poet-technologies-and-lumilens-advance-wafer-level-photonic-integration-for-next-generation-ai-optical-networks,2026-05-25T05:38:03+00:00
256baab4a0dddfd7,POET,optical,guidance_outlook,B,ir_release,update_pre_confirmation_or_watch,pre_confirmation_signal_log,outlook|rais(?:e|ed|ing)|expects?,"Act of 1995). Such statements or information are identified with words such as “anticipate”, “believe”, “expect”, “plan”, “intend”, “potential”, “estimate”, “propose”, “project”, “outlook”, “foresee” or similar words suggesting future outcomes or statements regarding any potential outcome. Such statements include the Company’s expectations with respect to the succe",POET Technologies and Lumilens Advance Wafer-Level Photonic Integration for Next-Generation AI Optical Networks | POET Technologies,https://www.poet-technologies.com/news/poet-technologies-and-lumilens-advance-wafer-level-photonic-integration-for-next-generation-ai-optical-networks,2026-05-25T05:38:03+00:00
9f50759b3622761d,POET,optical,capacity_supply,B,ir_release,update_pre_confirmation_or_watch,pre_confirmation_signal_log,production ramp|manufacturing|qualification|samples?,"ualification of the modules, as well as the successful scaling of manufacturing capability. Engineering samples from this joint development program are expected in late 2026, with production ramp aligned to hyperscaler customer deployments in 2027. About Lumilens Lumilens is building the connectivity platform for AI infrastructure, delivering scale-up and scale-out optical",POET Technologies and Lumilens Advance Wafer-Level Photonic Integration for Next-Generation AI Optical Networks | POET Technologies,https://www.poet-technologies.com/news/poet-technologies-and-lumilens-advance-wafer-level-photonic-integration-for-next-generation-ai-optical-networks,2026-05-25T05:38:03+00:00
97bd80b7edf9922f,POET,optical,financing_balance_sheet,B,ir_release,update_pre_confirmation_or_watch,pre_confirmation_signal_log,offering|financing|warrant,"rmation, visit Lumilens.com . Media Relations Contact: Mark Weiner, CMO mark.weiner@lumilens.com About POET Technologies Inc. POET Technologies is a design and development company offering high-speed optical engines, light source products, and custom optical modules for the artificial intelligence systems market and hyperscale data centers. Its patented POET Optical",POET Technologies and Lumilens Advance Wafer-Level Photonic Integration for Next-Generation AI Optical Networks | POET Technologies,https://www.poet-technologies.com/news/poet-technologies-and-lumilens-advance-wafer-level-photonic-integration-for-next-generation-ai-optical-networks,2026-05-25T05:38:03+00:00
2625015a9b9283eb,POET,optical,ai_datacenter,B,ir_release,update_pre_confirmation_or_watch,pre_confirmation_signal_log,AI|data center|hyperscale|hyperscaler|800G|1.6T|HBM,"POET Technologies and Lumilens Advance Wafer-Level Photonic Integration for Next-Generation AI Optical Networks | POET Technologies NASDAQ POET Our Products About Us Technology Investors News & Media Videos Careers Contact Us All Posts May 15, 2026 x min read POET Technolog",POET Technologies and Lumilens Advance Wafer-Level Photonic Integration for Next-Generation AI Optical Networks | POET Technologies,https://www.poet-technologies.com/news/poet-technologies-and-lumilens-advance-wafer-level-photonic-integration-for-next-generation-ai-optical-networks,2026-05-25T05:38:03+00:00
82ce03ae131c2ecc,AXTI,optical_materials,order_backlog,A,sec_exhibit,eligible_for_event_ledger_review,event_ledger_review_after_no_trade_check,order(?:s|ed|ing)?,"EX-99.1 2 ex_906119.htm EXHIBIT 99.1 ex_906119.htm Exhibit 99.1 AXT, Inc. First Quarter 2026 Results April 30, 2026 Page 1 of 6 AXT, Inc. Announces First Quarter 2026 Financial Results FREMONT, Calif., April 30, 2026 – AXT, Inc. (NasdaqGS: AXTI), a leading manufacturer of compound semiconductor wafer substrates, today reported financial results for the first",ex_906119.htm,https://www.sec.gov/Archives/edgar/data/1051627/000143774926014204/ex_906119.htm,2026-05-25T05:38:03+00:00
29c0d63da3de64f1,AXTI,optical_materials,guidance_outlook,A,sec_exhibit,eligible_for_event_ledger_review,event_ledger_review_after_no_trade_check,rais(?:e|ed|ing)|expects?,"EX-99.1 2 ex_906119.htm EXHIBIT 99.1 ex_906119.htm Exhibit 99.1 AXT, Inc. First Quarter 2026 Results April 30, 2026 Page 1 of 6 AXT, Inc. Announces First Quarter 2026 Financial Results FREMONT, Calif., April 30, 2026 – AXT, Inc. (NasdaqGS: AXTI), a leading manufacturer of compound semiconductor wafer substrates, today reported financial results for the first",ex_906119.htm,https://www.sec.gov/Archives/edgar/data/1051627/000143774926014204/ex_906119.htm,2026-05-25T05:38:03+00:00
0e3f507fa5e43530,AXTI,optical_materials,margin_cash,A,sec_exhibit,eligible_for_event_ledger_review,event_ledger_review_after_no_trade_check,gross margin|cash,"ease. ● Revenue for the first quarter of 2026 was $26.9 million, compared with $23.0 million for the fourth quarter of 2025 and $19.4 million for the first quarter of 2025. ● GAAP gross margin was 29.6 percent of revenue for the first quarter of 2026, compared with 20.9 percent of revenue for the fourth quarter of 2025 and (6.4) percent for the first quarter of 2025. ●",ex_906119.htm,https://www.sec.gov/Archives/edgar/data/1051627/000143774926014204/ex_906119.htm,2026-05-25T05:38:03+00:00
2120a5e3266a59d4,AXTI,optical_materials,capacity_supply,A,sec_exhibit,update_pre_confirmation_or_watch,pre_confirmation_signal_log,capacity|expand(?:s|ed|ing)?|manufacturing,"incredibly exciting time for AXT,” said Morris Young, chief executive officer. “Last week we completed a capital raise for $632.5 million in support of Tongmei’s indium phosphide capacity expansion as well as R&D investment in new products like 6-inch indium phosphide. Indium phosphide substrates are a key ingredient in high-speed optical data transmission required",ex_906119.htm,https://www.sec.gov/Archives/edgar/data/1051627/000143774926014204/ex_906119.htm,2026-05-25T05:38:03+00:00
178edac758d20367,AXTI,optical_materials,financing_balance_sheet,A,sec_exhibit,update_pre_confirmation_or_watch,pre_confirmation_signal_log,offering|investment,"al Technology Co., Ltd. (“Tongmei”), its subsidiary in Beijing, China, submitted to the Shanghai Stock Exchange (the “SSE”) its application to list its shares in an initial public offering (the “IPO”) on the SSE’s Sci-Tech innovAtion boaRd (the “STAR Market”) and the application was accepted for review. Subsequently, Tongmei responded to several rounds of questions",ex_906119.htm,https://www.sec.gov/Archives/edgar/data/1051627/000143774926014204/ex_906119.htm,2026-05-25T05:38:03+00:00
700dea283f3bb193,AXTI,optical_materials,ai_datacenter,A,sec_exhibit,update_pre_confirmation_or_watch,pre_confirmation_signal_log,AI|data center|InP|indium phosphide,"or wafer substrates, today reported financial results for the first quarter, ended March 31, 2026 . Management Qualitative Comments “This is an incredibly exciting time for AXT,” said Morris Young, chief executive officer. “Last week we completed a capital raise for $632.5 million in support of Tongmei’s indium phosphide capacity expansion as well as R&D inves",ex_906119.htm,https://www.sec.gov/Archives/edgar/data/1051627/000143774926014204/ex_906119.htm,2026-05-25T05:38:03+00:00
a4fc32448225c533,PPSI,power_cooling,order_backlog,A,ir_release,eligible_for_event_ledger_review,event_ledger_review_after_no_trade_check,order(?:s|ed|ing)?|backlog,286-Pioneer Power Announces Financial Results for First Quarter 2026 and Business Updates • Pioneer Power Solutions Skip to content Pioneer Power Solutions Highly Engineered Electrical Equipment Menu Company History Strategy Management Businesses Business Overview Pioneer Critical Power Pioneer CEP Investors SEC Filings Newsroom Presentations & Events Corpor,286-Pioneer Power Announces Financial Results for First Quarter 2026 and Business Updates • Pioneer Power Solutions,https://www.pioneerpowersolutions.com/286-pioneer-power-announces-financial-results-for-first-quarter-2026-and-business-updates/,2026-05-25T05:38:03+00:00
aafcd8b426f9f34a,PPSI,power_cooling,guidance_outlook,A,ir_release,eligible_for_event_ledger_review,event_ledger_review_after_no_trade_check,rais(?:e|ed|ing)|expects?,286-Pioneer Power Announces Financial Results for First Quarter 2026 and Business Updates • Pioneer Power Solutions Skip to content Pioneer Power Solutions Highly Engineered Electrical Equipment Menu Company History Strategy Management Businesses Business Overview Pioneer Critical Power Pioneer CEP Investors SEC Filings Newsroom Presentations & Events Corpor,286-Pioneer Power Announces Financial Results for First Quarter 2026 and Business Updates • Pioneer Power Solutions,https://www.pioneerpowersolutions.com/286-pioneer-power-announces-financial-results-for-first-quarter-2026-and-business-updates/,2026-05-25T05:38:03+00:00
ed9c90f10f8c045a,PPSI,power_cooling,margin_cash,A,ir_release,eligible_for_event_ledger_review,event_ledger_review_after_no_trade_check,gross margin|cash,"backlog levels as of March 31, 2026. Q1 2026 Financial Highlights Revenue was $4.3 million, compared to $6.7 million for the same quarter in 2025. Gross profit was $582,000, or a gross margin of 13.6%, as compared to $148,000, or a gross margin of 2.2%, for the same quarter in 2025. Operating loss was $2.0 million, compared to $2.3 million for the same quarter in 2025.",286-Pioneer Power Announces Financial Results for First Quarter 2026 and Business Updates • Pioneer Power Solutions,https://www.pioneerpowersolutions.com/286-pioneer-power-announces-financial-results-for-first-quarter-2026-and-business-updates/,2026-05-25T05:38:03+00:00
80f350005fc2a607,PPSI,power_cooling,capacity_supply,A,ir_release,update_pre_confirmation_or_watch,pre_confirmation_signal_log,capacity|expand(?:s|ed|ing)?|shipments?,"are addressing. We continue to see accelerating demand for rapidly deployable distributed generation solutions, driven by the expansion of AI infrastructure, growth in data center capacity and ongoing constraints within the utility grid. In fact, a significant portion of our current pipeline and outstanding customer quotations is now centered on PRYMUS opportunities",286-Pioneer Power Announces Financial Results for First Quarter 2026 and Business Updates • Pioneer Power Solutions,https://www.pioneerpowersolutions.com/286-pioneer-power-announces-financial-results-for-first-quarter-2026-and-business-updates/,2026-05-25T05:38:03+00:00
6d48f236723079f8,PPSI,power_cooling,financing_balance_sheet,A,ir_release,update_pre_confirmation_or_watch,pre_confirmation_signal_log,balance sheet|debt,"same period in 2025. Net Loss Net loss was $2.5 million, as compared to $929,000, inclusive of income from discontinued operations of $1.1 million, for the same period last year. Balance Sheet As of March 31, 2026, the Company had $13.6 million of cash on hand and working capital of $18.7 million, compared to $15.0 million of cash on hand and working capital of $20.7 mi",286-Pioneer Power Announces Financial Results for First Quarter 2026 and Business Updates • Pioneer Power Solutions,https://www.pioneerpowersolutions.com/286-pioneer-power-announces-financial-results-for-first-quarter-2026-and-business-updates/,2026-05-25T05:38:03+00:00
252035d0cec26a16,PPSI,power_cooling,ai_datacenter,A,ir_release,update_pre_confirmation_or_watch,pre_confirmation_signal_log,AI|data center,"the Company’s operating performance. “Our first quarter results reflect momentum across the business and meaningful progress in positioning Pioneer for its next phase of growth,” said Nathan Mazurek, CEO of Pioneer. “We delivered a significant year-over-year improvement in gross margin and a sequential increase in backlog, which suggests two important things:",286-Pioneer Power Announces Financial Results for First Quarter 2026 and Business Updates • Pioneer Power Solutions,https://www.pioneerpowersolutions.com/286-pioneer-power-announces-financial-results-for-first-quarter-2026-and-business-updates/,2026-05-25T05:38:03+00:00
