ticker,date,source,source_url,source_type,reliability_score,period,theme,demand_score,supply_score,backlog_score,capex_bom_score,price_margin_score,score_0_100,hard_data_ratio,confidence,primary_bottleneck_flag,trend,blind_spot_note,key_sources
THEME,2023Q4,NVDA/TSMC public filings proxy,https://investor.nvidia.com/news/press-release-details/2023/NVIDIA-Announces-Financial-Results-for-Second-Quarter-Fiscal-2024/default.aspx,official,0.85,2023Q4,GPU,92,82,78,80,86,84.7,72,High,YES,accelerating,No public monthly GPU delivery data; true lead times inferred from public demand and margin strength,NVIDIA FY2024 Q2/FY2024 Q3 demand shock; TSMC/HPC capacity commentary proxy
THEME,2024Q2,NVIDIA/industry public filings proxy,https://investor.nvidia.com/news/press-release-details/2024/NVIDIA-Announces-Financial-Results-for-First-Quarter-Fiscal-2025/default.aspx,official,0.85,2024Q2,GPU,88,75,72,77,84,79.5,70,High,YES,still strong but peaking,Monthly GPU supply and customer allocation invisible,NVIDIA FY2025 Q1; Blackwell transition
THEME,2024Q3,TrendForce/NVIDIA/Micron public proxies,https://www.trendforce.com/insights/memory-wall,industry+official,0.75,2024Q3,HBM_AP,82,76,70,80,74,77.1,66,Medium-High,POTENTIAL,accelerating,HBM allocation and packaging yield not fully public,TrendForce memory wall; public HBM/CoWoS/advanced packaging commentary
THEME,2024Q4,Broadcom/Semtech/MACOM/TrendForce optical proxies,https://investors.broadcom.com/news-releases/news-release-details/broadcom-inc-announces-fourth-quarter-and-fiscal-year-2024,official+industry,0.78,2024Q4,Optical_Networking,76,68,63,70,65,69.4,58,Medium,NO,warming,Hyperscaler optical ordering cadence largely invisible before supplier guidance,Broadcom AI networking; 800G/1.6T public product signals
THEME,2025Q2,TrendForce optical module market proxy,https://www.trendforce.com/presscenter/news/20260210-12919.html,industry,0.72,2025Q2,Optical_Networking,84,72,76,78,70,76.9,64,Medium-High,POTENTIAL,accelerating,Supplier mix varies; module orders may be lumpy,TrendForce 800G+ mix; supplier AI optical order language
THEME,2026Q1,Semtech/MACOM/Veeco/AIXTRON current official data,https://www.semtech.com/company/press/announces-fourth-quarter-of-fiscal-year-2026-results,official,0.85,2026Q1,Optical_Networking,88,78,82,82,74,82.1,76,High,YES,strong,Exact hyperscaler customer split still not public,Semtech FY2026; MACOM Q2; Veeco InP orders; AIXTRON Lumentum orders
THEME,2024Q4,VRT/POWL/MOD/AAON public backlog proxies,https://investors.vertiv.com/news/news-details/2026/Vertiv-Reports-Strong-Fourth-Quarter-with-Organic-Orders-Growth-of-252-and-Diluted-EPS-Growth-of-200-Adjusted-Diluted-EPS-37/,official,0.80,2024Q4,Power_Cooling,78,70,82,74,68,75.0,68,Medium-High,POTENTIAL,backlog lengthening,Project delivery timing and cancellation risk not fully visible,Vertiv orders; power equipment backlog commentary
THEME,2026Q1,POWL/MOD/AAON/FIX/HPS official data,https://powellindustriesinc.gcs-web.com/news-releases/news-release-details/powell-industries-announces-second-quarter-fiscal-2026-results,official,0.88,2026Q1,Power_Cooling,90,76,92,84,76,84.5,82,High,YES,strong backlog,Backlog does not equal guaranteed revenue; project margins need quarterly verification,POWL Q2; MOD Q3; AAON Q1; FIX Q1; HPS Q1
THEME,2026Q1,Camtek/Onto/FormFactor/Aehr current official data,https://investors.formfactor.com/news-releases/news-release-details/formfactor-inc-reports-2026-first-quarter-results/,official,0.82,2026Q1,AP_HBM_Test,82,73,78,78,74,77.6,74,Medium-High,YES,selective strength,Broad basket can underperform; company-specific orders matter,FORM Q1; ONTO Q1/G5; CAMT Q1; AEHR orders
