shortfall,previous_status,new_work_done,current_status,next_required_work
MXL revenue bridge,"Only rough bull/base/bear","Built MXL decision-grade file, revenue bridge, customer/competitor map, optical DSP/TIA/retimer triggers, valuation sensitivity","Decision usable for event/starter sizing; not confirmation-grade","Need named module/customer validation and 2027 unit/ASP bridge for Keystone/Rushmore/Annapurna"
HPS backlog quality,"Backlog noted but mix unclear","Built HPS decision-grade file, HPS+AEG pro-forma revenue model, competitor map, backlog/margin/AEG trigger system","Decision usable for starter sizing; not confirmation-grade","Need Q2/Q3 book-to-bill, actual backlog amount, data-center/custom mix, AEG closing economics"
ACMR growth quality,"AP orders noted but financial quality not deeply tested","Built ACMR decision-grade file, AP/ECP revenue bridge, customer/competitor map, decision dashboard, AR/inventory/OCF and minority-interest valuation adjustment","Decision usable for observation/starter sizing; not confirmation-grade","Need non-China AP repeat orders, customer acceptance timing, non-China revenue disclosure, quarterly OCF/DSO/DIO improvement"
CAMT HBM/AP inspection quality,"Previously only included in batch2 DD and source log","Built CAMT decision-grade file, H2 2026 revenue bridge, customer/competitor map, OSAT/IDM order validation, valuation guardrails","Decision usable for buy-point discipline; company quality high but current entry not compelling","Need Q2 actual, Q3/Q4 guide, follow-on Hawk/OSAT orders, AI/AP mix continuity, operating margin recovery"
ONTO process-control platform quality,"Previously only in batch2 DD and source log","Built ONTO decision-grade file, Dragonfly G5/HBM4 evidence, Atlas G6/advanced nodes bridge, Rigaku/X-ray option analysis, notes/dilution guardrails","Decision usable for core-watch sizing and pullback rules; higher confidence but lower small-cap torque","Need Q2 actual, Q3 guide, G5/3Di follow-on orders, Rigaku close details, pro-forma EV/dilution update"
Customer chain,"Customer language vague","Added customer-chain validation table with source strength, alternatives, exclusivity confidence","Improved but still low exclusivity confidence","Need named customer triangulation from filings, hiring, partner demos, supply-chain press"
Non-US coverage,"US/Canada heavy","Expanded to 83-company master database with China A, Taiwan, Japan, Europe, Canada","Improved breadth","Need DD on Taiwan liquid cooling/power and China optical passive/PCB/CCL second-order plays"
Trading system,"First event-study only","Added 83-company price/momentum monitor and snapshot","Improved monitoring","Need scoring model combining valuation, catalyst, momentum, drawdown and evidence grade"
Financial risk,"Only headline metrics","Added financial red flags table for MXL/ACMR/HPS","Improved for top 3","Need extend to all priority names and automate DSO/DIO/OCF calculations"
